Country,ISO3,UNSubregion,Region
Afghanistan,AFG,Southern Asia,South Asia
Albania,ALB,Southern Europe,Southern Europe
Algeria,DZA,Northern Africa,Middle East & North Africa
Andorra,AND,Southern Europe,Southern Europe
Angola,AGO,Middle Africa,Sub-Saharan Africa
Antigua and Barbuda,ATG,Caribbean,Latin America & Caribbean
Argentina,ARG,South America,Latin America & Caribbean
Armenia,ARM,Western Asia,Middle East & North Africa
Australia,AUS,Australia and New Zealand,Oceania
Austria,AUT,Western Europe,Western Europe
Azerbaijan,AZE,Western Asia,Middle East & North Africa
Bahrain,BHR,Western Asia,Middle East & North Africa
Bangladesh,BGD,Southern Asia,South Asia
Barbados,BRB,Caribbean,Latin America & Caribbean
Belarus,BLR,Eastern Europe,Eastern Europe & Central Asia
Belgium,BEL,Western Europe,Western Europe
Belize,BLZ,Central America,Latin America & Caribbean
Benin,BEN,Western Africa,Sub-Saharan Africa
Bhutan,BTN,Southern Asia,South Asia
Bolivia,BOL,South America,Latin America & Caribbean
Bosnia and Herzegovina,BIH,Southern Europe,Southern Europe
Botswana,BWA,Southern Africa,Sub-Saharan Africa
Brazil,BRA,South America,Latin America & Caribbean
Brunei Darussalam,BRN,South-eastern Asia,South-East Asia
Bulgaria,BGR,Eastern Europe,Eastern Europe & Central Asia
Burundi,BDI,Eastern Africa,Sub-Saharan Africa
Cambodia,KHM,South-eastern Asia,South-East Asia
Cameroon,CMR,Middle Africa,Sub-Saharan Africa
Canada,CAN,Northern America,North America
Cape Verde,CPV,Western Africa,Sub-Saharan Africa
Chile,CHL,South America,Latin America & Caribbean
China,CHN,Eastern Asia,East Asia
Colombia,COL,South America,Latin America & Caribbean
"Congo, Republic of the...",COG,Middle Africa,Sub-Saharan Africa
Costa Rica,CRI,Central America,Latin America & Caribbean
Croatia,HRV,Southern Europe,Southern Europe
Cuba,CUB,Caribbean,Latin America & Caribbean
Cyprus,CYP,Western Asia,Middle East & North Africa
Czech Republic,CZE,Eastern Europe,Eastern Europe & Central Asia
Côte d'Ivoire,CIV,Western Africa,Sub-Saharan Africa
Democratic People's Republic of Korea,PRK,Eastern Asia,East Asia
Democratic Republic of the Congo,COD,Middle Africa,Sub-Saharan Africa
Denmark,DNK,Northern Europe,Northern Europe
Djibouti,DJI,Eastern Africa,Sub-Saharan Africa
Dominican Republic,DOM,Caribbean,Latin America & Caribbean
Ecuador,ECU,South America,Latin America & Caribbean
Egypt,EGY,Northern Africa,Middle East & North Africa
El Salvador,SLV,Central America,Latin America & Caribbean
Estonia,EST,Northern Europe,Northern Europe
Ethiopia,ETH,Eastern Africa,Sub-Saharan Africa
Fiji,FJI,Melanesia,Oceania
Finland,FIN,Northern Europe,Northern Europe
France,FRA,Western Europe,Western Europe
Gabon,GAB,Middle Africa,Sub-Saharan Africa
Gambia,GMB,Western Africa,Sub-Saharan Africa
Georgia,GEO,Western Asia,Middle East & North Africa
Germany,DEU,Western Europe,Western Europe
Ghana,GHA,Western Africa,Sub-Saharan Africa
Greece,GRC,Southern Europe,Southern Europe
Guatemala,GTM,Central America,Latin America & Caribbean
Guinea,GIN,Western Africa,Sub-Saharan Africa
Guinea-Bissau,GNB,Western Africa,Sub-Saharan Africa
Guyana,GUY,South America,Latin America & Caribbean
Haiti,HTI,Caribbean,Latin America & Caribbean
Honduras,HND,Central America,Latin America & Caribbean
Hong Kong (S.A.R.),HKG,Eastern Asia,East Asia
Hungary,HUN,Eastern Europe,Eastern Europe & Central Asia
Iceland,ISL,Northern Europe,Northern Europe
India,IND,Southern Asia,South Asia
Indonesia,IDN,South-eastern Asia,South-East Asia
"Iran, Islamic Republic of...",IRN,Southern Asia,South Asia
Iraq,IRQ,Western Asia,Middle East & North Africa
Ireland,IRL,Northern Europe,Northern Europe
Isle of Man,IMN,Northern Europe,Northern Europe
Israel,ISR,Western Asia,Middle East & North Africa
Italy,ITA,Southern Europe,Southern Europe
Jamaica,JAM,Caribbean,Latin America & Caribbean
Japan,JPN,Eastern Asia,East Asia
Jordan,JOR,Western Asia,Middle East & North Africa
Kazakhstan,KAZ,Central Asia,Eastern Europe & Central Asia
Kenya,KEN,Eastern Africa,Sub-Saharan Africa
Kosovo,XKX,Southern Europe,Southern Europe
Kuwait,KWT,Western Asia,Middle East & North Africa
Kyrgyzstan,KGZ,Central Asia,Eastern Europe & Central Asia
Lao People's Democratic Republic,LAO,South-eastern Asia,South-East Asia
Latvia,LVA,Northern Europe,Northern Europe
Lebanon,LBN,Western Asia,Middle East & North Africa
Lesotho,LSO,Southern Africa,Sub-Saharan Africa
Libyan Arab Jamahiriya,LBY,Northern Africa,Middle East & North Africa
Lithuania,LTU,Northern Europe,Northern Europe
Luxembourg,LUX,Western Europe,Western Europe
Madagascar,MDG,Eastern Africa,Sub-Saharan Africa
Malawi,MWI,Eastern Africa,Sub-Saharan Africa
Malaysia,MYS,South-eastern Asia,South-East Asia
Maldives,MDV,Southern Asia,South Asia
Mali,MLI,Western Africa,Sub-Saharan Africa
Malta,MLT,Southern Europe,Southern Europe
Mauritania,MRT,Western Africa,Sub-Saharan Africa
Mauritius,MUS,Eastern Africa,Sub-Saharan Africa
Mexico,MEX,Central America,Latin America & Caribbean
"Micronesia, Federated States of...",FSM,Micronesia,Oceania
Moldova,MDA,Eastern Europe,Eastern Europe & Central Asia
Mongolia,MNG,Eastern Asia,East Asia
Montenegro,MNE,Southern Europe,Southern Europe
Morocco,MAR,Northern Africa,Middle East & North Africa
Mozambique,MOZ,Eastern Africa,Sub-Saharan Africa
Myanmar,MMR,South-eastern Asia,South-East Asia
Namibia,NAM,Southern Africa,Sub-Saharan Africa
Nepal,NPL,Southern Asia,South Asia
Netherlands,NLD,Western Europe,Western Europe
New Zealand,NZL,Australia and New Zealand,Oceania
Nicaragua,NIC,Central America,Latin America & Caribbean
Niger,NER,Western Africa,Sub-Saharan Africa
Nigeria,NGA,Western Africa,Sub-Saharan Africa
Nomadic,,,
North Korea,PRK,Eastern Asia,East Asia
Norway,NOR,Northern Europe,Northern Europe
Oman,OMN,Western Asia,Middle East & North Africa
Pakistan,PAK,Southern Asia,South Asia
Palau,PLW,Micronesia,Oceania
Palestine,PSE,Western Asia,Middle East & North Africa
Panama,PAN,Central America,Latin America & Caribbean
Papua New Guinea,PNG,Melanesia,Oceania
Paraguay,PRY,South America,Latin America & Caribbean
Peru,PER,South America,Latin America & Caribbean
Philippines,PHL,South-eastern Asia,South-East Asia
Poland,POL,Eastern Europe,Eastern Europe & Central Asia
Portugal,PRT,Southern Europe,Southern Europe
Qatar,QAT,Western Asia,Middle East & North Africa
Republic of Korea,KOR,Eastern Asia,East Asia
Republic of Moldova,MDA,Eastern Europe,Eastern Europe & Central Asia
Republic of North Macedonia,MKD,Southern Europe,Southern Europe
Romania,ROU,Eastern Europe,Eastern Europe & Central Asia
Russian Federation,RUS,Eastern Europe,Eastern Europe & Central Asia
Rwanda,RWA,Eastern Africa,Sub-Saharan Africa
Saint Lucia,LCA,Caribbean,Latin America & Caribbean
San Marino,SMR,Southern Europe,Southern Europe
Saudi Arabia,SAU,Western Asia,Middle East & North Africa
Senegal,SEN,Western Africa,Sub-Saharan Africa
Serbia,SRB,Southern Europe,Southern Europe
Sierra Leone,SLE,Western Africa,Sub-Saharan Africa
Singapore,SGP,South-eastern Asia,South-East Asia
Slovakia,SVK,Eastern Europe,Eastern Europe & Central Asia
Slovenia,SVN,Southern Europe,Southern Europe
Somalia,SOM,Eastern Africa,Sub-Saharan Africa
South Africa,ZAF,Southern Africa,Sub-Saharan Africa
South Korea,KOR,Eastern Asia,East Asia
Spain,ESP,Southern Europe,Southern Europe
Sri Lanka,LKA,Southern Asia,South Asia
Sudan,SDN,Northern Africa,Middle East & North Africa
Suriname,SUR,South America,Latin America & Caribbean
Swaziland,SWZ,Southern Africa,Sub-Saharan Africa
Sweden,SWE,Northern Europe,Northern Europe
Switzerland,CHE,Western Europe,Western Europe
Syrian Arab Republic,SYR,Western Asia,Middle East & North Africa
Taiwan,TWN,Eastern Asia,East Asia
Tajikistan,TJK,Central Asia,Eastern Europe & Central Asia
Thailand,THA,South-eastern Asia,South-East Asia
Timor-Leste,TLS,South-eastern Asia,South-East Asia
Togo,TGO,Western Africa,Sub-Saharan Africa
Trinidad and Tobago,TTO,Caribbean,Latin America & Caribbean
Tunisia,TUN,Northern Africa,Middle East & North Africa
Turkey,TUR,Western Asia,Middle East & North Africa
Turkmenistan,TKM,Central Asia,Eastern Europe & Central Asia
Uganda,UGA,Eastern Africa,Sub-Saharan Africa
Ukraine,UKR,Eastern Europe,Eastern Europe & Central Asia
United Arab Emirates,ARE,Western Asia,Middle East & North Africa
United Kingdom of Great Britain and Northern Ireland,GBR,Northern Europe,Northern Europe
United Republic of Tanzania,TZA,Eastern Africa,Sub-Saharan Africa
United States of America,USA,Northern America,North America
Uruguay,URY,South America,Latin America & Caribbean
Uzbekistan,UZB,Central Asia,Eastern Europe & Central Asia
"Venezuela, Bolivarian Republic of...",VEN,South America,Latin America & Caribbean
Viet Nam,VNM,South-eastern Asia,South-East Asia
Yemen,YEM,Western Asia,Middle East & North Africa
Zambia,ZMB,Eastern Africa,Sub-Saharan Africa
Zimbabwe,ZWE,Eastern Africa,Sub-Saharan Africa
