run_at,model,note,n_splits,f1_macro,f1_macro_std,f1_weighted,f1_weighted_std,balanced_accuracy,balanced_accuracy_std,accuracy,accuracy_std,top3_accuracy,top3_accuracy_std,log_loss,log_loss_std,family_f1_macro,family_f1_macro_std,family_balanced_accuracy,family_balanced_accuracy_std,family_accuracy,family_accuracy_std,family_top3_accuracy,family_top3_accuracy_std,fit_seconds,total_seconds
2026-10-01 20:56:07,Dummy (most frequent),baseline,5,0.028283338205996,5.105501188929977e-06,0.2230854729546532,9.641096815319866e-05,0.05,0.0,0.3943761185372871,9.926049576481636e-05,0.4116595284773686,0.0002007319340397,21.82889726761379,0.0035777109045783,0.0471388970099934,8.509168648216895e-06,0.0833333333333333,0.0,0.3943761185372871,9.926049576481636e-05,0.6614292826127094,0.0001708797155232,1.8407887458801269,11.3
2026-10-01 20:56:07,Complement Naive Bayes,probabilistic,5,0.178573911977962,0.0023562454943375,0.4508938750108882,0.0042502664202853,0.2030327269395494,0.0019840420640798,0.4916831753499552,0.0058684824809469,0.7209727887781852,0.0093316577503833,2.3284006791956897,0.0280424719351613,0.1583304467759118,0.0042886063436176,0.1826654829992786,0.0028638769190689,0.352548848726647,0.0045612726231675,0.6319555077164946,0.0056815873070664,2.503440523147583,14.7
2026-10-01 20:56:07,k-Nearest Neighbours,instance-based,5,0.1676156313785769,0.0037742457506914,0.4238055240954224,0.0042567911003291,0.1510132439292878,0.0033343242963153,0.4997017429588472,0.003090480419512,0.7813840024914928,0.0032388046848444,4.41297538168712,0.0932265669195483,0.2822453134024221,0.0094130783420587,0.2547456881318684,0.0067019365017467,0.5159557096659528,0.0028823821672294,0.8192017683492949,0.0039810569208501,1.4386831283569337,14.0
2026-10-01 20:56:07,Logistic Regression,linear,5,0.2547277967868994,0.0030841887616417,0.4003452992910901,0.0067923510783238,0.3321218153677958,0.0054071031932662,0.3657143829989083,0.0063638940369582,0.7261741174177592,0.0044010184723689,2.2690682944194385,0.0279370010600395,0.3485126362014291,0.0061665617577323,0.4341686592118319,0.008541523104337,0.4006063180240184,0.0059119802171594,0.7782956434394459,0.0048050097229587,91.71097631454468,460.1
2026-10-01 20:56:07,Linear SVM (calibrated),linear (max-margin),5,0.1911004907048612,0.007975804509914,0.4763394773611454,0.0068283310237995,0.1775869728538536,0.0045716700217253,0.5368159145565932,0.0050356494477096,0.8092323043988878,0.0031446240785607,1.5347940131040914,0.0103794449551051,0.3273554457675593,0.0073465579740747,0.2998314798993672,0.0043101441026156,0.5544784347038403,0.0035631578557602,0.8507339160318811,0.0041658801002057,11.638085889816283,59.5
2026-10-01 20:56:07,Random Forest,bagged trees,5,0.2537174436012223,0.0081905769181773,0.5108710027233107,0.0059624520112249,0.2403903559555782,0.0062982991460964,0.5540985759921428,0.0053395357243829,0.8301457852003334,0.0028795487069951,1.60782818018935,0.0084862270074951,0.3749824926907008,0.0047931611552714,0.3760220167047995,0.0048359947563739,0.5706234866632637,0.004773967248996,0.8547978113140424,0.0029837901045232,4.285970735549927,23.6
2026-10-01 20:56:07,Hist Gradient Boosting,boosted trees,5,0.2724344809927076,0.0094766103236101,0.5243356299791556,0.0016381172666777,0.2476519642695517,0.0075351330649288,0.5601669077046947,0.0012173763542386,0.8288999360982603,0.0026801202451401,1.4739359657786326,0.0127562111760796,0.392625128367091,0.0063176258849926,0.3635172022774485,0.0053368029457657,0.5766917890226967,0.0016956706225761,0.8613535515659448,0.0025874077693878,179.46738357543944,911.0
2026-10-01 21:17:52,Logistic Regression + no imbalance handling,phase A imbalance,5,0.3002719369170872,0.0081226525060785,0.530794620644958,0.0016006886173297,0.286490371546829,0.0065289157429897,0.5480304350748636,0.0021959323857062,0.829712195604488,0.0037688664665226,1.5529361365552723,0.0159342099294387,0.4195890923765011,0.0068603152280677,0.4056946978053325,0.005354524070704,0.5739286184983943,0.0016478726209923,0.86395426725369,0.0044328176309489,106.26162481307983,533.5
2026-10-01 21:17:52,Logistic Regression + class_weight,phase A imbalance,5,0.2534966207225199,0.0017494232970903,0.3998246220557194,0.0082006363723632,0.3287807208865473,0.002653962261871,0.3649557809940316,0.0069953158123029,0.7268785188885852,0.0036045482813046,2.2784172169642387,0.0238231764186474,0.3484243276445549,0.0045322002720263,0.4333392498626369,0.0069081018784403,0.4015274482482499,0.0049080278974474,0.7783496972079019,0.0031411960567304,73.46018838882446,369.4
2026-10-01 21:17:52,Logistic Regression + oversampling to 10%,phase A imbalance,5,0.2914224612073132,0.0041404874368639,0.5147996244047697,0.0014664664130106,0.3072533503739638,0.0077248090861008,0.5122717024486079,0.002237886451127,0.8088523723043931,0.0062546709848545,1.7522653117807183,0.0321426665369653,0.4049518156369681,0.003837402148469,0.4163470563727537,0.0044609355988468,0.543642070416371,0.0018661965494569,0.8490004822717434,0.0047771453525831,16.859337711334227,85.5
2026-10-01 21:17:52,Random Forest + no imbalance handling,phase A imbalance,5,0.1869331550267484,0.0063125704411687,0.4738002442402528,0.005098165065027,0.1737674327285205,0.0050178904871086,0.5410957167048306,0.0049947150614492,0.8200684485379652,0.0029387039199354,1.5213708158239077,0.0057037817319435,0.3217581923812002,0.0076067885864079,0.2956428796878559,0.0063251839445822,0.5600044381915777,0.0051380387648948,0.8550142318596992,0.0041178199199251,2.681927299499512,15.2
2026-10-01 21:17:52,Random Forest + class_weight,phase A imbalance,5,0.2547689208650193,0.006956669973773,0.510310873365966,0.0056067088348724,0.2413747316256209,0.0051762484491961,0.5535027517081315,0.0051398892665686,0.8293873886672891,0.0023828465752845,1.6168815623325643,0.0080065574311141,0.3732505840658593,0.004603893375298,0.3739458095583836,0.0051661601883213,0.5689439892591068,0.0032804843478565,0.8548520558777712,0.0027945821737789,3.2074090957641603,17.8
2026-10-01 21:17:52,Random Forest + oversampling to 10%,phase A imbalance,5,0.2152851808175732,0.0041718296154756,0.4792492035224027,0.0037116577213327,0.192042212286618,0.003833038261324,0.5410412813458287,0.0046580934735297,0.826299249763634,0.002937768819736,1.530819535064222,0.0188267444974237,0.3451582998476289,0.0060058332219996,0.3151660269823502,0.0065495647815883,0.5643385876394602,0.0042649609994469,0.8564771913057235,0.002776807282095,3.325589179992676,18.6
2026-10-01 21:19:08,core (reference),"phase B: 479 features, the Stage 4 default",3,0.2540580050985959,0.0019431041802801,0.4057531287967922,0.0034588147196268,0.3235815252993323,0.0032194964968763,0.3719453266230695,0.0036599127629635,0.7301293799754855,0.0035554746410495,2.2842356320103803,0.0159776440951242,0.3542929849386202,0.006537589943251,0.4377036105678831,0.0104260639701029,0.4083543830417124,0.0037263438747529,0.7778620241633463,0.001973754903712,3.6880624294281006,12.2
2026-10-01 21:19:08,want lists removed,phase B: does 'what they want to learn' add anything over 'what they use'?,3,0.2451199797957842,0.0015052082251167,0.3867215238177577,0.0024062357991584,0.3227453365876169,0.0013168711477449,0.3488647845775803,0.0019072800686672,0.7007640417159008,0.0017223849157139,2.1746213202090914,0.012509481098908,0.3401694953435851,0.0061678190847273,0.4308171560231386,0.0101963699210936,0.3849488315263201,0.001263732034861,0.7492009229888529,0.0010679762707701,1.5681092739105225,5.5
2026-10-01 21:19:08,rare pooling 0.25%,phase B: more technology columns,3,0.2528210459186186,0.0018712464181272,0.4048174032703734,0.0041093811277143,0.3217079311219767,0.0025948049779242,0.3710242169568363,0.004295111572203,0.7295876300134744,0.0034100464193369,2.287255819876614,0.0112448924954373,0.3541807893335413,0.0065036868004118,0.436873121903118,0.0106988943445791,0.4082459027214638,0.0047122380319489,0.7769952383136253,0.0027051810433676,2.5355361302693686,8.7
2026-10-01 21:19:08,rare pooling 1%,phase B: fewer technology columns,3,0.2546679237722284,0.0025294526292953,0.405569642100046,0.0036641333515624,0.3244798020618359,0.0042179354389825,0.3717828042762468,0.0033868682684203,0.7298583949202855,0.0036801832151275,2.293381276293629,0.0072732960522173,0.3546386389865492,0.0063015071731918,0.4383643680959037,0.0104380552295984,0.4080833539568344,0.0045517319588404,0.778187121692605,0.0016720618879032,3.7543346087137857,12.4
2026-10-01 21:19:08,SelectKBest chi2 k=100,phase B: selection fitted inside every fold,3,0.2276667070190069,0.0042631082152056,0.3609993358510033,0.0052353435780107,0.3071242484396696,0.009481293528119,0.3204743162208645,0.0051798001564837,0.6488594094345103,0.0025053339705628,2.175959747306044,0.0014594433382187,0.3072002772642859,0.0020477492909094,0.4033113037291202,0.0045693095058966,0.3488106016560372,0.0020606545803573,0.6931245932098064,0.0033465616826593,1.3768058617909749,5.2
2026-10-01 21:19:08,SelectKBest chi2 k=200,phase B: selection fitted inside every fold,3,0.2315408229435034,0.0039088385235997,0.3678587206179717,0.0052116904183512,0.3084400451540886,0.0054409508085445,0.3280058215687795,0.0057818800643249,0.686839911472873,0.0035662288995513,2.338121237666041,0.01740139752323,0.318616498980364,0.0054979567645677,0.4074417186059592,0.0104848048388937,0.3646315744498527,0.0046985426366463,0.7388526982548961,0.0030651484320462,1.5942079226175945,5.9
2026-10-01 21:19:08,SelectKBest chi2 k=300,phase B: selection fitted inside every fold,3,0.2352661193589492,0.0028524866597946,0.3797683674729535,0.0022653030615268,0.3099122745237492,0.0041214939760745,0.3414422350704345,0.0025002581187594,0.7101911215598821,0.0028008040944315,2.760438847805748,0.0386331043615223,0.3281904219032838,0.0043294152125435,0.412532241132607,0.0091989076782481,0.3781763185708516,0.0007625448967452,0.7629084272169347,0.0009939271428329,1.8358745574951167,6.7
2026-10-01 21:19:08,SelectKBest chi2 k=all,phase B: selection fitted inside every fold,3,0.228956641772069,0.0039920033133418,0.3907856650756031,0.0021969804481752,0.2828008237272105,0.0050794831824725,0.356829559567258,0.0023860631630735,0.7353309140258194,0.0038211093294999,3.410561591614369,0.0535521993484881,0.3301287578920561,0.0076336909940191,0.3974467688001256,0.0108139917232074,0.3930760231915937,0.0037894815384869,0.7852306901507583,0.0027855646367189,2.0883467197418213,7.4
2026-10-01 21:19:08,core+context (506 features),phase B: adds OrgSize/Industry/RemoteWork/ICorPM,3,0.2605258720743789,0.0049270334683134,0.4133107196688786,0.0046716793506752,0.3292461521230039,0.0049959929042975,0.3813727058688601,0.0055407876757428,0.7413446899609729,0.0007506269601157,2.262647163927547,0.0166972655692481,0.3614370841466741,0.0017460004605969,0.4453053840269036,0.0055149655531581,0.416535475838591,0.0034661037766099,0.7902150786359479,0.0012778243248062,3.438928365707397,11.5
2026-10-01 21:41:29,Logistic Regression (tuned),"phase C: {'clf__C': 0.21751953118777648, 'clf__class_weight': None}",5,0.3030294530705323,0.008200202567336045,0.5378901584484269,0.0030779645198886823,0.28263423199928756,0.006498470502732883,0.5617383562781771,0.003105199916489642,0.8386517466720168,0.0028993012480582315,1.4145683841534489,0.015483638446454381,0.42941712512075386,0.00858987925257635,0.4074601459408675,0.005632595233293536,0.5862275753179016,0.001390711656911383,0.8732731340002167,0.0024066719132735262,3.3469844818115235,17.9
2026-10-01 21:41:29,Linear SVM (calibrated) (tuned),"phase C: {'clf__estimator__C': 0.003550621427070771, 'clf__estimator__class_weight': 'balanced'}",5,0.25362278864133825,0.0089857914234704,0.5129608228039153,0.004647134677294701,0.23000485313907806,0.0064636878291719005,0.5595713769518723,0.004678983612817121,0.8400609165276552,0.0031406337407079345,1.399786230047847,0.010256572653530657,0.38418239269855653,0.006067630122018483,0.3552612256485212,0.0055699448834980346,0.5810808728326025,0.00486254662376181,0.8748987244015118,0.0034039413111345575,4.288331365585327,22.6
2026-10-01 21:41:29,Random Forest (tuned),"phase C: {'clf__n_estimators': 300, 'clf__min_samples_leaf': 4, 'clf__max_features': 0.1, 'clf__max_depth': 40, 'clf__class_weight': 'balanced'}",5,0.28200237863842526,0.00806806937884064,0.5150161716841427,0.005162920258646067,0.293606531341773,0.006003380031596739,0.5327517110666836,0.0040076314951289,0.8131337741976103,0.004868377205247162,1.7325239730645614,0.004788688121930578,0.35847170073718093,0.0039727501107481465,0.39730803837691486,0.003827583398033577,0.5071250733461059,0.005043989811394447,0.8210980091834168,0.003454998514873139,4.20302791595459,23.0
2026-10-01 21:41:29,Hist Gradient Boosting (tuned),"phase C: {'clf__min_samples_leaf': 50, 'clf__max_leaf_nodes': 15, 'clf__max_iter': 200, 'clf__learning_rate': 0.2, 'clf__l2_regularization': 1.0}",5,0.28597307866986965,0.009599674317884443,0.5295933287947068,0.004517424209626138,0.26050304966383736,0.008089651945042188,0.5602213430636965,0.0043373075869587155,0.8309042110864968,0.0017304650837068594,1.4225924014391906,0.015339063696911242,0.4029665871904239,0.011136464755513659,0.3751790601679711,0.010767747301820195,0.579834436668151,0.00480141511178717,0.8659047820046595,0.0037174116633317236,12.925393390655518,66.5
