mean_fit_time,std_fit_time,mean_score_time,std_score_time,param_clf__n_estimators,param_clf__min_samples_leaf,param_clf__max_features,param_clf__max_depth,param_clf__class_weight,params,split0_test_score,split1_test_score,split2_test_score,split3_test_score,split4_test_score,mean_test_score,std_test_score,rank_test_score
4.905099487304687,0.07664046014931644,0.31711087226867674,0.01729686363176288,300,4,0.2,,,"{'clf__n_estimators': 300, 'clf__min_samples_leaf': 4, 'clf__max_features': 0.2, 'clf__max_depth': None, 'clf__class_weight': None}",0.1879948933468523,0.19129280109704233,0.19819954688076136,0.2029856672808954,0.19690994290305153,0.19547657030172058,0.0052789224415959075,15
2.4276499271392824,0.0224602523931772,0.32237963676452636,0.022474715978081535,300,4,sqrt,,,"{'clf__n_estimators': 300, 'clf__min_samples_leaf': 4, 'clf__max_features': 'sqrt', 'clf__max_depth': None, 'clf__class_weight': None}",0.17282808029858132,0.1809307015100256,0.16552780099459535,0.18999416230959826,0.1829519115190092,0.17844653132636196,0.008464962124465486,16
8.302017784118652,0.26125885888248096,0.5082556724548339,0.02646812043312425,800,4,0.1,40,balanced,"{'clf__n_estimators': 800, 'clf__min_samples_leaf': 4, 'clf__max_features': 0.1, 'clf__max_depth': 40, 'clf__class_weight': 'balanced'}",0.2886905827370573,0.2780897752770283,0.2804343245307864,0.27603242921732946,0.2702562913595662,0.2787006806243535,0.006026676470252022,4
6.4071667194366455,0.11628247453192374,0.38451299667358396,0.016491058206124037,500,4,0.1,40,balanced_subsample,"{'clf__n_estimators': 500, 'clf__min_samples_leaf': 4, 'clf__max_features': 0.1, 'clf__max_depth': 40, 'clf__class_weight': 'balanced_subsample'}",0.29284869879245784,0.27577615328445004,0.2882219043332778,0.2810311850657855,0.26645675540040326,0.28086693937527496,0.009287136804459572,3
15.009514045715331,1.6930561801381985,0.7661703586578369,0.14561446639088055,500,2,0.2,40,balanced_subsample,"{'clf__n_estimators': 500, 'clf__min_samples_leaf': 2, 'clf__max_features': 0.2, 'clf__max_depth': 40, 'clf__class_weight': 'balanced_subsample'}",0.272930185598657,0.25516491010149867,0.2368989113499714,0.25181731614028047,0.2449932814068644,0.2523609209194544,0.012038341769914284,8
8.321979856491089,0.4210382104075497,0.4975841522216797,0.08017798711063073,500,2,0.1,,balanced_subsample,"{'clf__n_estimators': 500, 'clf__min_samples_leaf': 2, 'clf__max_features': 0.1, 'clf__max_depth': None, 'clf__class_weight': 'balanced_subsample'}",0.26421557475817964,0.2531752602702594,0.23684394372677148,0.2543433932914709,0.2528584484206842,0.25228732409347315,0.00878775506336892,9
15.409586095809937,0.5886624780851261,0.6149296283721923,0.061853074055431945,800,4,0.2,20,balanced_subsample,"{'clf__n_estimators': 800, 'clf__min_samples_leaf': 4, 'clf__max_features': 0.2, 'clf__max_depth': 20, 'clf__class_weight': 'balanced_subsample'}",0.2918241292702201,0.2864398967256643,0.27913833658694925,0.274834651421198,0.2742822865089599,0.28130386010259834,0.006824918817742859,2
4.316369867324829,0.09679755516251679,0.39789443016052245,0.02914450297818701,300,4,0.1,40,balanced,"{'clf__n_estimators': 300, 'clf__min_samples_leaf': 4, 'clf__max_features': 0.1, 'clf__max_depth': 40, 'clf__class_weight': 'balanced'}",0.29692644838653726,0.2779779226832574,0.2827983677790692,0.2791140915933932,0.2731950627498694,0.28200237863842526,0.00806806937884064,1
5.362449836730957,0.13571328261428764,0.39573101997375487,0.018674198379982014,300,1,0.1,,,"{'clf__n_estimators': 300, 'clf__min_samples_leaf': 1, 'clf__max_features': 0.1, 'clf__max_depth': None, 'clf__class_weight': None}",0.19718010894174903,0.20401652998428704,0.19848856914452626,0.21398200628516326,0.20735088953538905,0.2042036207782229,0.006124518926581223,12
6.419112825393677,0.18609538668515044,0.6554314136505127,0.0781006332361248,800,2,sqrt,20,balanced,"{'clf__n_estimators': 800, 'clf__min_samples_leaf': 2, 'clf__max_features': 'sqrt', 'clf__max_depth': 20, 'clf__class_weight': 'balanced'}",0.26535517602437986,0.2749219949524586,0.2638456171545206,0.2683115566462938,0.25156618798833197,0.26480010655319697,0.007630709786578449,7
7.387934827804566,0.11742405124755889,0.39969892501831056,0.02982775826063497,300,1,0.2,20,,"{'clf__n_estimators': 300, 'clf__min_samples_leaf': 1, 'clf__max_features': 0.2, 'clf__max_depth': 20, 'clf__class_weight': None}",0.19692326824811576,0.1976126117851558,0.19594502356574894,0.2082314504735611,0.19883793334059058,0.19951005748263442,0.004461293357575774,14
18.64747233390808,0.7469973919898356,0.6452789783477784,0.061270949505325856,800,1,0.2,20,balanced_subsample,"{'clf__n_estimators': 800, 'clf__min_samples_leaf': 1, 'clf__max_features': 0.2, 'clf__max_depth': 20, 'clf__class_weight': 'balanced_subsample'}",0.25451946792038466,0.25843170448598085,0.23912571318819728,0.2553464574225453,0.2421325727401764,0.24991118315145694,0.007748689192172076,10
13.468762540817261,0.0964460110062928,0.6361831665039063,0.020211469512219814,800,1,0.1,40,balanced_subsample,"{'clf__n_estimators': 800, 'clf__min_samples_leaf': 1, 'clf__max_features': 0.1, 'clf__max_depth': 40, 'clf__class_weight': 'balanced_subsample'}",0.21545966424109347,0.21181453121881297,0.208899174870726,0.2258311137569171,0.21189261672097692,0.21477942016170531,0.005904306031383518,11
7.469592809677124,0.19637222461660997,0.5621706485748291,0.05175096885392401,800,4,sqrt,,balanced_subsample,"{'clf__n_estimators': 800, 'clf__min_samples_leaf': 4, 'clf__max_features': 'sqrt', 'clf__max_depth': None, 'clf__class_weight': 'balanced_subsample'}",0.28622330799147283,0.28311762129856133,0.27833210711871004,0.2754090799616722,0.2699462944978528,0.2786056821736539,0.005721257234198127,5
5.180533790588379,0.16049573770754588,0.5423911094665528,0.0570224089911462,500,1,sqrt,,balanced,"{'clf__n_estimators': 500, 'clf__min_samples_leaf': 1, 'clf__max_features': 'sqrt', 'clf__max_depth': None, 'clf__class_weight': 'balanced'}",0.2031654768290306,0.20009227495441215,0.18648710101161012,0.21482601050652686,0.19373450701726366,0.19966107406376868,0.009498629724311623,13
15.929884338378907,0.3744548602289083,0.5934258460998535,0.041643490662757056,800,4,0.2,40,balanced,"{'clf__n_estimators': 800, 'clf__min_samples_leaf': 4, 'clf__max_features': 0.2, 'clf__max_depth': 40, 'clf__class_weight': 'balanced'}",0.2898413847503667,0.283478266226613,0.2742814610503302,0.27932929618917746,0.2608827130440207,0.27756262425210165,0.009776189226316444,6
