,AI/ML engineer,Applied scientist,Cloud infrastructure engineer,Cybersecurity or InfoSec professional,Data engineer,Data or business analyst,Data scientist,Database administrator or engineer,DevOps engineer or professional,"Developer, AI apps or physical AI","Developer, QA or test","Developer, back-end","Developer, desktop or enterprise applications","Developer, embedded applications or devices","Developer, front-end","Developer, full-stack","Developer, game or graphics","Developer, mobile",System administrator,"UX, Research Ops or UI design professional"
AI/ML engineer,61,6,0,1,18,1,22,0,7,1,1,98,10,13,2,104,0,4,0,0
Applied scientist,9,27,0,2,1,2,24,0,1,0,0,25,18,25,1,42,0,0,2,0
Cloud infrastructure engineer,1,1,10,1,2,1,0,0,43,0,0,92,4,7,2,72,0,1,1,0
Cybersecurity or InfoSec professional,1,0,4,5,2,1,1,0,15,0,3,57,9,20,2,92,2,3,3,0
Data engineer,7,2,1,0,137,10,28,2,8,1,1,145,12,8,0,86,0,1,2,0
Data or business analyst,1,2,0,0,28,14,27,4,1,0,1,19,12,4,1,63,0,3,5,1
Data scientist,26,11,0,2,39,17,111,0,2,0,0,64,6,6,2,60,0,1,2,0
Database administrator or engineer,1,0,0,1,5,2,1,8,5,0,0,25,9,1,1,32,0,2,5,0
DevOps engineer or professional,5,2,20,0,2,0,1,1,150,1,2,231,9,10,1,201,1,3,5,0
"Developer, AI apps or physical AI",3,1,0,0,3,1,0,0,2,0,0,27,6,11,0,58,0,4,0,0
"Developer, QA or test",1,2,1,0,0,1,1,0,4,0,5,72,4,13,7,79,3,3,2,1
"Developer, back-end",28,6,12,5,26,5,12,9,56,0,1,1932,92,79,16,1434,14,18,5,0
"Developer, desktop or enterprise applications",3,6,0,0,2,0,6,7,6,0,1,177,322,116,4,462,33,34,8,0
"Developer, embedded applications or devices",3,9,1,4,2,2,4,1,2,0,0,67,66,443,2,126,20,18,1,0
"Developer, front-end",2,1,0,1,1,0,1,2,2,0,1,9,11,4,426,625,1,32,1,0
"Developer, full-stack",24,3,4,4,11,4,8,6,25,1,1,615,148,57,169,6108,13,68,10,0
"Developer, game or graphics",1,2,0,0,0,0,0,0,0,0,1,36,55,48,2,63,44,9,1,0
"Developer, mobile",0,0,0,1,0,0,1,0,0,0,0,25,18,7,17,152,4,514,0,0
System administrator,0,4,0,2,1,2,2,1,17,0,3,53,24,7,2,130,0,2,22,0
"UX, Research Ops or UI design professional",1,0,0,0,0,1,0,0,0,0,0,1,1,0,14,28,0,1,0,0
