job_role,precision,recall,f1-score,support,family
"Developer, full-stack",0.6097634022162324,0.8391262536062646,0.706290471785384,7279.0,Full-stack
"Developer, mobile",0.7128987517337032,0.6955345060893099,0.7041095890410959,739.0,Mobile
"Developer, embedded applications or devices",0.5039817974971559,0.5745784695201037,0.536969696969697,771.0,Embedded/Systems
"Developer, back-end",0.5124668435013262,0.5152,0.5138297872340426,3750.0,Backend
"Developer, front-end",0.6348733233979136,0.38035714285714284,0.47571189279731996,1120.0,Frontend
Data engineer,0.48928571428571427,0.30376940133037694,0.3748290013679891,451.0,Data Eng
Data scientist,0.444,0.31805157593123207,0.37061769616026713,349.0,Data Sci/ML
"Developer, desktop or enterprise applications",0.38516746411483255,0.2712721145745577,0.31833910034602075,1187.0,Desktop/Enterprise
DevOps engineer or professional,0.43352601156069365,0.23255813953488372,0.30272452068617556,645.0,DevOps/Cloud
AI/ML engineer,0.34269662921348315,0.17478510028653296,0.2314990512333966,349.0,Data Sci/ML
"Developer, game or graphics",0.32592592592592595,0.16793893129770993,0.2216624685138539,262.0,Game/Graphics
Applied scientist,0.3176470588235294,0.15083798882681565,0.20454545454545456,179.0,Data Sci/ML
System administrator,0.29333333333333333,0.08088235294117647,0.12680115273775217,272.0,DevOps/Cloud
Database administrator or engineer,0.1951219512195122,0.08163265306122448,0.11510791366906475,98.0,Data Eng
Data or business analyst,0.21875,0.07526881720430108,0.112,186.0,Data Sci/ML
Cloud infrastructure engineer,0.18867924528301888,0.04201680672268908,0.06872852233676977,238.0,DevOps/Cloud
"Developer, QA or test",0.23809523809523808,0.02512562814070352,0.045454545454545456,199.0,QA/Test
Cybersecurity or InfoSec professional,0.1724137931034483,0.022727272727272728,0.040160642570281124,220.0,Security
"Developer, AI apps or physical AI",0.0,0.0,0.0,116.0,Data Sci/ML
"UX, Research Ops or UI design professional",0.0,0.0,0.0,47.0,Frontend
