model,note,n_splits,f1_macro,f1_macro_std,f1_weighted,f1_weighted_std,balanced_accuracy,balanced_accuracy_std,accuracy,accuracy_std,top3_accuracy,top3_accuracy_std,log_loss,log_loss_std,family_f1_macro,family_f1_macro_std,family_balanced_accuracy,family_balanced_accuracy_std,family_accuracy,family_accuracy_std,family_top3_accuracy,family_top3_accuracy_std,fit_seconds,total_seconds
core+context (506 features),phase B: adds OrgSize/Industry/RemoteWork/ICorPM,3,0.26052587207437894,0.00492703346831346,0.4133107196688786,0.00467167935067527,0.3292461521230039,0.004995992904297503,0.38137270586886013,0.0055407876757428125,0.7413446899609729,0.0007506269601157319,2.262647163927547,0.01669726556924812,0.36143708414667414,0.0017460004605969095,0.4453053840269036,0.005514965553158154,0.416535475838591,0.003466103776609954,0.7902150786359479,0.0012778243248062267,3.4389283657073975,11.5
rare pooling 1%,phase B: fewer technology columns,3,0.2546679237722284,0.002529452629295339,0.40556964210004603,0.0036641333515624788,0.32447980206183596,0.004217935438982584,0.3717828042762468,0.003386868268420345,0.7298583949202855,0.003680183215127581,2.2933812762936294,0.007273296052217343,0.35463863898654924,0.006301507173191858,0.43836436809590373,0.01043805522959841,0.4080833539568344,0.004551731958840495,0.778187121692605,0.0016720618879032412,3.7543346087137857,12.4
core (reference),"phase B: 479 features, the Stage 4 default",3,0.2540580050985959,0.0019431041802801296,0.4057531287967922,0.003458814719626874,0.3235815252993323,0.0032194964968763184,0.3719453266230695,0.0036599127629635903,0.7301293799754855,0.0035554746410495085,2.2842356320103803,0.015977644095124244,0.35429298493862027,0.0065375899432510275,0.4377036105678831,0.010426063970102994,0.40835438304171245,0.0037263438747529545,0.7778620241633463,0.0019737549037120144,3.6880624294281006,12.2
rare pooling 0.25%,phase B: more technology columns,3,0.2528210459186186,0.0018712464181272009,0.40481740327037347,0.004109381127714365,0.32170793112197676,0.002594804977924274,0.37102421695683635,0.004295111572203025,0.7295876300134744,0.0034100464193369713,2.287255819876614,0.011244892495437373,0.35418078933354136,0.0065036868004118556,0.43687312190311806,0.01069889434457915,0.4082459027214638,0.00471223803194898,0.7769952383136253,0.002705181043367617,2.5355361302693686,8.7
want lists removed,phase B: does 'what they want to learn' add anything over 'what they use'?,3,0.24511997979578423,0.0015052082251167072,0.3867215238177577,0.002406235799158406,0.3227453365876169,0.0013168711477449992,0.3488647845775803,0.0019072800686672046,0.7007640417159008,0.001722384915713959,2.1746213202090914,0.012509481098908006,0.34016949534358515,0.00616781908472734,0.43081715602313864,0.010196369921093601,0.3849488315263201,0.0012637320348610108,0.7492009229888529,0.0010679762707701266,1.5681092739105225,5.5
SelectKBest chi2 k=300,phase B: selection fitted inside every fold,3,0.23526611935894923,0.002852486659794675,0.37976836747295356,0.0022653030615268706,0.30991227452374925,0.004121493976074501,0.3414422350704345,0.002500258118759477,0.7101911215598821,0.0028008040944315226,2.760438847805748,0.03863310436152235,0.3281904219032838,0.0043294152125435414,0.41253224113260706,0.009198907678248115,0.3781763185708516,0.0007625448967452858,0.7629084272169347,0.0009939271428329411,1.8358745574951172,6.7
SelectKBest chi2 k=200,phase B: selection fitted inside every fold,3,0.23154082294350345,0.0039088385235997196,0.36785872061797176,0.00521169041835121,0.3084400451540886,0.005440950808544545,0.3280058215687795,0.0057818800643249565,0.686839911472873,0.0035662288995513877,2.338121237666041,0.01740139752323003,0.31861649898036404,0.005497956764567752,0.4074417186059592,0.010484804838893774,0.3646315744498527,0.004698542636646394,0.7388526982548961,0.0030651484320462397,1.5942079226175945,5.9
SelectKBest chi2 k=all,phase B: selection fitted inside every fold,3,0.22895664177206906,0.003992003313341859,0.39078566507560314,0.0021969804481752025,0.28280082372721055,0.005079483182472575,0.356829559567258,0.0023860631630735238,0.7353309140258194,0.0038211093294999053,3.410561591614369,0.05355219934848815,0.33012875789205615,0.007633690994019188,0.3974467688001256,0.010813991723207402,0.39307602319159374,0.003789481538486903,0.7852306901507583,0.0027855646367189466,2.0883467197418213,7.4
SelectKBest chi2 k=100,phase B: selection fitted inside every fold,3,0.22766670701900693,0.0042631082152056665,0.3609993358510033,0.005235343578010733,0.3071242484396696,0.009481293528119083,0.3204743162208645,0.005179800156483745,0.6488594094345103,0.00250533397056289,2.175959747306044,0.0014594433382187745,0.30720027726428595,0.0020477492909094005,0.4033113037291202,0.004569309505896616,0.3488106016560372,0.0020606545803573658,0.6931245932098064,0.003346561682659322,1.3768058617909749,5.2
